Workbook

Sheet Complexity Card
A1: COMPLEXITY CARD — how hard & risky is it?
A2: How to fill: read each factor's questions, then score it 1 to 5 (min 1, max 5). HIGHER complexity = harder and riskier, which LOWERS the final use case score. One row per use case.
A4: BEFORE YOU SCORE — read the questions, picture the use case, then score each factor 1 to 5 (minimum 1, maximum 5)
A5: 1. Process / operational complexity 1 = simple, few steps │ 5 = many steps, exceptions, hand-offs
A6: Ask yourself: • How many steps, systems and hand-offs end to end? • Many exceptions / edge cases, or mostly standard? • Does it span several teams, regions or time zones? • Does the underlying process change often?
A7: 2. Compliance / regulatory sensitivity 1 = no regulatory impact │ 5 = heavily regulated, needs sign-off
A8: Ask yourself: • Does it touch regulated activity (instructions, settlement, reporting, KYC/AML)? • Would risk, audit or a regulator need to review or sign off? • Must controls (four-eyes, segregation, audit trail) be preserved and proven? • Is client / PII or cross-border data involved?
A9: 3. Delivery / change risk 1 = small, low-risk, reversible │ 5 = core change, wide blast radius
A10: Ask yourself: • Is this a small add-on or a core-system change? • Blast radius if it fails — one team or settlement-wide? • Are there limited release windows / heavy testing needs? • How easily can we roll it back?
A11: 4. Integration complexity (systems touched) 1 = one system, modern APIs │ 5 = many systems, legacy, vendors
A12: Ask yourself: • How many systems connect — and are interfaces APIs or legacy/manual? • Do we own them, or depend on vendors / external parties? • Is reference / master data needed from several sources? • Any real-time or cut-off timing constraints?
A14: # | B14: Use Case | C14: Process / operational | D14: Compliance / regulatory | E14: Delivery / change risk | F14: Integration complexity | G14: Complexity score (avg)
A15: 1 | G15: =IFERROR(ROUND(AVERAGE(C15:F15),1),"")
A16: 2 | G16: =IFERROR(ROUND(AVERAGE(C16:F16),1),"")
A17: 3 | G17: =IFERROR(ROUND(AVERAGE(C17:F17),1),"")
A18: 4 | G18: =IFERROR(ROUND(AVERAGE(C18:F18),1),"")
A19: 5 | G19: =IFERROR(ROUND(AVERAGE(C19:F19),1),"")
A20: 6 | G20: =IFERROR(ROUND(AVERAGE(C20:F20),1),"")
A21: 7 | G21: =IFERROR(ROUND(AVERAGE(C21:F21),1),"")
A22: 8 | G22: =IFERROR(ROUND(AVERAGE(C22:F22),1),"")
A23: 9 | G23: =IFERROR(ROUND(AVERAGE(C23:F23),1),"")
A24: 10 | G24: =IFERROR(ROUND(AVERAGE(C24:F24),1),"")
A25: 11 | G25: =IFERROR(ROUND(AVERAGE(C25:F25),1),"")
A26: 12 | G26: =IFERROR(ROUND(AVERAGE(C26:F26),1),"")

Sheet Feasibility Card
A1: FEASIBILITY CARD — how easy is it to build?
A2: How to fill: read each factor's questions, then score it 1 to 5 (min 1, max 5). HIGHER feasibility = easier and more ready, which RAISES the final use case score. For 'Build effort', 5 = LOW effort.
A4: BEFORE YOU SCORE — read the questions, picture the use case, then score each factor 1 to 5 (minimum 1, maximum 5)
A5: 1. Technical fit / maturity 1 = unproven, experimental │ 5 = proven, mature, in-house
A6: Ask yourself: • Is the technology proven for this kind of problem? • Do we already use it successfully elsewhere? • Are reference patterns / vendor support available? • Does it fit our approved architecture and standards?
A7: 2. Data readiness & quality 1 = poor / unavailable │ 5 = clean, complete, accessible
A8: Ask yourself: • Is the data needed available, complete and accessible? • How clean / structured is it (vs free text, scans, handwriting)? • Is reference / master data (clients, accounts, SSIs) reliable? • Any data-access or privacy approvals required?
A9: 3. Skills & tooling available 1 = not available today │ 5 = fully available in-house
A10: Ask yourself: • Do we have the skills in-house (or a ready partner)? • Are the tools / platforms already licensed and available? • Is there a safe environment to build and test? • Will we need major upskilling or hiring?
A11: 4. Build effort (5 = low effort) 1 = very large effort │ 5 = very small effort
A12: Ask yourself: • First working version in days, weeks or months? • Config / low-code change, or heavy custom build? • How much integration and testing is involved? • Will other-team dependencies slow it down?
A14: # | B14: Use Case | C14: Technical fit | D14: Data readiness | E14: Skills & tooling | F14: Build effort (5=low) | G14: Feasibility score (avg)
A15: 1 | B15: =IF('Complexity Card'!B15="","",'Complexity Card'!B15) | G15: =IFERROR(ROUND(AVERAGE(C15:F15),1),"")
A16: 2 | B16: =IF('Complexity Card'!B16="","",'Complexity Card'!B16) | G16: =IFERROR(ROUND(AVERAGE(C16:F16),1),"")
A17: 3 | B17: =IF('Complexity Card'!B17="","",'Complexity Card'!B17) | G17: =IFERROR(ROUND(AVERAGE(C17:F17),1),"")
A18: 4 | B18: =IF('Complexity Card'!B18="","",'Complexity Card'!B18) | G18: =IFERROR(ROUND(AVERAGE(C18:F18),1),"")
A19: 5 | B19: =IF('Complexity Card'!B19="","",'Complexity Card'!B19) | G19: =IFERROR(ROUND(AVERAGE(C19:F19),1),"")
A20: 6 | B20: =IF('Complexity Card'!B20="","",'Complexity Card'!B20) | G20: =IFERROR(ROUND(AVERAGE(C20:F20),1),"")
A21: 7 | B21: =IF('Complexity Card'!B21="","",'Complexity Card'!B21) | G21: =IFERROR(ROUND(AVERAGE(C21:F21),1),"")
A22: 8 | B22: =IF('Complexity Card'!B22="","",'Complexity Card'!B22) | G22: =IFERROR(ROUND(AVERAGE(C22:F22),1),"")
A23: 9 | B23: =IF('Complexity Card'!B23="","",'Complexity Card'!B23) | G23: =IFERROR(ROUND(AVERAGE(C23:F23),1),"")
A24: 10 | B24: =IF('Complexity Card'!B24="","",'Complexity Card'!B24) | G24: =IFERROR(ROUND(AVERAGE(C24:F24),1),"")
A25: 11 | B25: =IF('Complexity Card'!B25="","",'Complexity Card'!B25) | G25: =IFERROR(ROUND(AVERAGE(C25:F25),1),"")
A26: 12 | B26: =IF('Complexity Card'!B26="","",'Complexity Card'!B26) | G26: =IFERROR(ROUND(AVERAGE(C26:F26),1),"")

Sheet Savings Card
A1: SAVINGS CARD — what is the prize?
A2: How to fill: read each factor's questions, then score it 1 to 5 (min 1, max 5). HIGHER savings = bigger benefit, which RAISES the final use case score. Use Notes to record real numbers (FTE, hours, ROI %).
A4: BEFORE YOU SCORE — read the questions, picture the use case, then score each factor 1 to 5 (minimum 1, maximum 5)
A5: 1. FTE / effort saved 1 = negligible saving │ 5 = very high saving
A6: Ask yourself: • People-hours per day / week / month spent today? • How much could realistically be removed or automated? • Does it free people for higher-value work or cut peak crunch? • Does the saving grow with volume?
A7: 2. Time / cycle-time saved 1 = negligible saving │ 5 = very high saving
A8: Ask yourself: • How much faster does the task / turnaround become? • Does it remove waiting, hand-offs or rekeying? • Does it help meet cut-offs / SLAs and avoid late processing? • Is the time saved frequent and repeatable?
A9: 3. Error / risk reduction 1 = negligible reduction │ 5 = very high reduction
A10: Ask yourself: • How often do errors, breaks or incidents happen today? • What do they cost — rework, client impact, loss, regulatory exposure? • Does it add validation, consistency and a clean audit trail? • Does it reduce key-person or manual-handling risk?
A11: 4. Financial return (ROI) 1 = negligible / unclear return │ 5 = very high return
A12: Ask yourself: • Rough annual benefit (effort saved, losses avoided, capacity released)? • How does that compare to the build and run cost? • How quickly would it pay back? • Any softer benefits (client experience, risk posture, morale)?
A14: # | B14: Use Case | C14: FTE / effort | D14: Time / cycle | E14: Error / risk reduction | F14: Financial return (ROI) | G14: Savings score (avg) | H14: USE CASE SCORE (0-100) | I14: PRIORITY | J14: Notes (real numbers)
A15: 1 | B15: =IF('Complexity Card'!B15="","",'Complexity Card'!B15) | G15: =IFERROR(ROUND(AVERAGE(C15:F15),1),"") | H15: =IFERROR(IF(COUNT(C15:F15)=0,"",ROUND(0.4*((G15-1)/4*100)+0.3*(('Feasibility Card'!G15-1)/4*100)+0.3*((5-'Complexity Card'!G15)/4*100),0)),"") | I15: =IF(H15="","",IF(H15<50,"Low",IF(H15<80,"Medium","High")))
A16: 2 | B16: =IF('Complexity Card'!B16="","",'Complexity Card'!B16) | G16: =IFERROR(ROUND(AVERAGE(C16:F16),1),"") | H16: =IFERROR(IF(COUNT(C16:F16)=0,"",ROUND(0.4*((G16-1)/4*100)+0.3*(('Feasibility Card'!G16-1)/4*100)+0.3*((5-'Complexity Card'!G16)/4*100),0)),"") | I16: =IF(H16="","",IF(H16<50,"Low",IF(H16<80,"Medium","High")))
A17: 3 | B17: =IF('Complexity Card'!B17="","",'Complexity Card'!B17) | G17: =IFERROR(ROUND(AVERAGE(C17:F17),1),"") | H17: =IFERROR(IF(COUNT(C17:F17)=0,"",ROUND(0.4*((G17-1)/4*100)+0.3*(('Feasibility Card'!G17-1)/4*100)+0.3*((5-'Complexity Card'!G17)/4*100),0)),"") | I17: =IF(H17="","",IF(H17<50,"Low",IF(H17<80,"Medium","High")))
A18: 4 | B18: =IF('Complexity Card'!B18="","",'Complexity Card'!B18) | G18: =IFERROR(ROUND(AVERAGE(C18:F18),1),"") | H18: =IFERROR(IF(COUNT(C18:F18)=0,"",ROUND(0.4*((G18-1)/4*100)+0.3*(('Feasibility Card'!G18-1)/4*100)+0.3*((5-'Complexity Card'!G18)/4*100),0)),"") | I18: =IF(H18="","",IF(H18<50,"Low",IF(H18<80,"Medium","High")))
A19: 5 | B19: =IF('Complexity Card'!B19="","",'Complexity Card'!B19) | G19: =IFERROR(ROUND(AVERAGE(C19:F19),1),"") | H19: =IFERROR(IF(COUNT(C19:F19)=0,"",ROUND(0.4*((G19-1)/4*100)+0.3*(('Feasibility Card'!G19-1)/4*100)+0.3*((5-'Complexity Card'!G19)/4*100),0)),"") | I19: =IF(H19="","",IF(H19<50,"Low",IF(H19<80,"Medium","High")))
A20: 6 | B20: =IF('Complexity Card'!B20="","",'Complexity Card'!B20) | G20: =IFERROR(ROUND(AVERAGE(C20:F20),1),"") | H20: =IFERROR(IF(COUNT(C20:F20)=0,"",ROUND(0.4*((G20-1)/4*100)+0.3*(('Feasibility Card'!G20-1)/4*100)+0.3*((5-'Complexity Card'!G20)/4*100),0)),"") | I20: =IF(H20="","",IF(H20<50,"Low",IF(H20<80,"Medium","High")))
A21: 7 | B21: =IF('Complexity Card'!B21="","",'Complexity Card'!B21) | G21: =IFERROR(ROUND(AVERAGE(C21:F21),1),"") | H21: =IFERROR(IF(COUNT(C21:F21)=0,"",ROUND(0.4*((G21-1)/4*100)+0.3*(('Feasibility Card'!G21-1)/4*100)+0.3*((5-'Complexity Card'!G21)/4*100),0)),"") | I21: =IF(H21="","",IF(H21<50,"Low",IF(H21<80,"Medium","High")))
A22: 8 | B22: =IF('Complexity Card'!B22="","",'Complexity Card'!B22) | G22: =IFERROR(ROUND(AVERAGE(C22:F22),1),"") | H22: =IFERROR(IF(COUNT(C22:F22)=0,"",ROUND(0.4*((G22-1)/4*100)+0.3*(('Feasibility Card'!G22-1)/4*100)+0.3*((5-'Complexity Card'!G22)/4*100),0)),"") | I22: =IF(H22="","",IF(H22<50,"Low",IF(H22<80,"Medium","High")))
A23: 9 | B23: =IF('Complexity Card'!B23="","",'Complexity Card'!B23) | G23: =IFERROR(ROUND(AVERAGE(C23:F23),1),"") | H23: =IFERROR(IF(COUNT(C23:F23)=0,"",ROUND(0.4*((G23-1)/4*100)+0.3*(('Feasibility Card'!G23-1)/4*100)+0.3*((5-'Complexity Card'!G23)/4*100),0)),"") | I23: =IF(H23="","",IF(H23<50,"Low",IF(H23<80,"Medium","High")))
A24: 10 | B24: =IF('Complexity Card'!B24="","",'Complexity Card'!B24) | G24: =IFERROR(ROUND(AVERAGE(C24:F24),1),"") | H24: =IFERROR(IF(COUNT(C24:F24)=0,"",ROUND(0.4*((G24-1)/4*100)+0.3*(('Feasibility Card'!G24-1)/4*100)+0.3*((5-'Complexity Card'!G24)/4*100),0)),"") | I24: =IF(H24="","",IF(H24<50,"Low",IF(H24<80,"Medium","High")))
A25: 11 | B25: =IF('Complexity Card'!B25="","",'Complexity Card'!B25) | G25: =IFERROR(ROUND(AVERAGE(C25:F25),1),"") | H25: =IFERROR(IF(COUNT(C25:F25)=0,"",ROUND(0.4*((G25-1)/4*100)+0.3*(('Feasibility Card'!G25-1)/4*100)+0.3*((5-'Complexity Card'!G25)/4*100),0)),"") | I25: =IF(H25="","",IF(H25<50,"Low",IF(H25<80,"Medium","High")))
A26: 12 | B26: =IF('Complexity Card'!B26="","",'Complexity Card'!B26) | G26: =IFERROR(ROUND(AVERAGE(C26:F26),1),"") | H26: =IFERROR(IF(COUNT(C26:F26)=0,"",ROUND(0.4*((G26-1)/4*100)+0.3*(('Feasibility Card'!G26-1)/4*100)+0.3*((5-'Complexity Card'!G26)/4*100),0)),"") | I26: =IF(H26="","",IF(H26<50,"Low",IF(H26<80,"Medium","High")))
B28: HOW THE USE CASE SCORE WORKS
B29: Use Case Score (0–100) = 40% × Savings + 30% × Feasibility + 30% × (inverse) Complexity. High savings, high feasibility and LOW complexity push the score up.
B30: High | C30: Score 80–100 · do first — strong candidate for the backlog
B31: Medium | C31: Score 50–79 · worth doing — sequence after the quick wins
B32: Low | C32: Score below 50 · revisit, reshape or park
